{"accommodation_search": {"VC255": 0.6, "VC58": -0.6, "VC77": -0.3333333333333333, "VC167": 0.6, "VC99": 0.5714285714285714, "VC225": 0.6, "VC192": 0.8, "VC62": -0.6666666666666666, "VC127": 0.42857142857142855, "VC247": 0.6, "VC60": 0.6666666666666666, "VC175": 0.6, "VC43": -0.3333333333333333, "VC10": 0.6, "VC106": 0.8333333333333334, "VC91": -0.4, "VC186": 0.4, "VC50": 1.0, "VC27": 0.5, "VC90": 0.3333333333333333, "VC221": 0.8, "VC114": -0.2, "VC25": 1.8333333333333333, "VC57": 1.5, "VC84": 0.6666666666666666, "VC39": -0.2, "VC70": 0.5, "VC121": 0.5714285714285714, "VC75": 0.8, "VC204": -0.2, "VC124": 0.8, "VC261": 0.6, "VC88": -2.6666666666666665, "VC205": 0.2, "VC174": 0.6, "VC246": 0.6, "VC34": 1.0, "VC251": 0.16666666666666666, "VC165": 0.0, "VC155": 0.3333333333333333, "VC183": 1.1666666666666667, "VC158": -0.2, "VC157": 0.4, "VC30": 0.8, "VC148": 1.0, "VC108": 1.3333333333333333, "VC120": 0.0, "VC176": 0.6, "VC35": 0.8, "VC21": 1.0, "VC153": -0.5, "VC113": 0.4, "VC142": 0.4, "VC211": 0.0, "VC259": 0.8, "VC264": 0.4, "VC243": 0.6, "VC138": 0.16666666666666666, "VC260": 0.6, "VC82": 0.6666666666666666, "VC13": 0.0, "VC116": -0.16666666666666666, "VC17": -0.6, "VC199": 0.6, "VC160": 0.4, "VC41": -0.8571428571428571, "VC267": 0.4, "VC146": 0.8, "VC214": -0.2, "VC135": 0.6, "VC238": 0.8, "VC168": 0.8, "VC144": 0.2, "VC162": 0.4, "VC209": 0.6, "VC5": 1.0, "VC200": -0.4, "VC195": -1.1666666666666667, "VC18": 0.6666666666666666, "VC237": 0.8333333333333334, "VC16": -0.4, "VC59": 0.5, "VC208": 1.0, "VC256": 0.0, "VC154": -0.5, "VC85": 0.16666666666666666, "VC1": 0.16666666666666666, "VC212": 0.4, "VC38": 0.4, "VC228": -0.2, "VC156": 0.4, "VC22": 0.0, "VC140": -0.16666666666666666, "VC177": 0.8, "VC86": -0.4, "VC66": 0.4, "VC187": 0.4, "VC31": 1.3333333333333333, "VC194": 1.0, "VC149": -0.2, "VC236": 1.2, "VC266": 1.2, "VC181": 0.2, "VC125": 0.6666666666666666, "VC250": 0.6666666666666666, "VC216": 0.5, "VC19": 1.0, "VC98": 0.8571428571428571, "VC257": 0.4, "VC234": 0.6, "VC263": 0.6, "VC219": 0.8, "VC178": 0.8, "VC20": 0.6666666666666666, "VC139": 0.0, "VC150": -0.2, "VC235": -0.5, "VC226": 1.0, "VC63": -0.6666666666666666, "VC73": -0.3333333333333333, "VC240": 0.4, "VC122": 0.6, "VC102": 0.5, "VC252": 0.2, "VC206": 0.8, "VC72": 1.3333333333333333, "VC4": 0.2, "VC227": -0.4, "VC12": 0.16666666666666666, "VC184": 0.6, "VC93": 0.6, "VC180": 0.4, "VC123": -0.4, "VC92": -0.3333333333333333, "VC97": 0.5, "VC104": -1.5, "VC0": 1.0, "VC239": 0.8, "VC222": 0.8, "VC14": 0.3333333333333333, "VC79": 0.4, "VC107": 1.0, "VC67": -2.5, "VC28": 0.2857142857142857, "VC210": 0.8, "VC249": 0.8, "VC202": 1.0, "VC51": 0.3333333333333333, "VC171": 0.4, "VC56": -1.6, "VC53": -0.4, "VC190": 0.2, "VC55": 0.0, "VC94": 1.2, "VC170": 1.0, "VC233": 0.6, "VC76": 0.4, "VC100": 0.6666666666666666, "VC230": 0.2, "VC131": 0.4, "VC134": 0.6, "VC159": 0.8, "VC137": 0.4, "VC96": 0.6666666666666666, "VC89": 0.8333333333333334, "VC185": 1.3333333333333333, "VC265": 0.6, "VC81": 0.8333333333333334, "VC196": 0.6, "VC109": 0.4, "VC201": 0.8, "VC95": 0.6, "VC258": 0.6, "VC163": 0.6, "VC166": 0.3333333333333333, "VC248": 0.6, "VC2": 0.8333333333333334, "VC189": 1.0, "VC129": -2.6666666666666665, "VC33": 0.4, "VC78": -1.1666666666666667, "VC169": 0.4, "VC173": 0.0, "VC29": 0.4, "VC132": 0.6, "VC68": -0.16666666666666666, "VC220": 0.6, "VC45": 0.6666666666666666, "VC87": 0.6, "VC23": 0.8, "VC191": 0.8, "VC231": 0.6, "VC217": 0.4, "VC15": 1.0, "VC6": 0.0, "VC152": -2.6666666666666665, "VC193": -2.6666666666666665, "VC172": 0.5, "VC101": 1.0, "VC218": 0.8333333333333334, "VC103": 1.2, "VC244": 0.4, "VC133": 0.2, "VC136": -0.14285714285714285, "VC9": -0.6666666666666666, "VC119": -1.6666666666666667, "VC32": -0.5, "VC46": 1.1666666666666667, "VC24": 1.3333333333333333, "VC105": 0.0, "VC262": 0.6, "VC179": 0.16666666666666666, "VC49": 0.6, "VC213": -0.4, "VC207": 0.5, "VC65": 0.8333333333333334, "VC118": 0.0, "VC54": -2.3333333333333335, "VC36": 0.8333333333333334, "VC26": 0.3333333333333333, "VC245": 0.8, "VC188": 0.8, "VC11": 0.0, "VC182": 0.6, "VC115": 0.4, "VC44": -0.16666666666666666, "VC117": 0.0, "VC232": -2.5, "VC128": 0.8, "VC69": -0.8333333333333334, "VC61": 1.0, "VC161": 1.1666666666666667, "VC48": 0.4, "VC83": 0.8333333333333334, "VC143": 0.8, "VC197": -1.5, "VC47": -0.2, "VC164": -1.6666666666666667, "VC224": 1.0, "VC147": 1.0, "VC74": 1.1666666666666667, "VC37": 1.1666666666666667, "VC241": 1.0, "VC145": -0.5, "VC203": 0.6, "VC198": 0.4, "VC42": 0.42857142857142855, "VC71": 0.0, "VC253": 0.8, "VC126": 1.4, "VC223": 0.3333333333333333, "VC130": 0.5, "VC111": 0.8333333333333334, "VC151": 0.8333333333333334, "VC110": 1.0, "VC229": 0.6, "VC112": 0.6, "VC141": 0.8, "VC3": 0.8333333333333334, "VC242": 0.2, "VC52": 0.3333333333333333, "VC254": 0.8333333333333334, "VC7": 0.2, "VC40": 0.0, "VC8": 0.2, "VC64": 0.8}, "job_search_IT": {"VC255": 0.2, "VC58": 0.0, "VC77": 0.0, "VC167": 0.6, "VC99": 0.4, "VC225": 0.6, "VC192": 1.0, "VC62": -0.2, "VC127": 0.8, "VC247": 0.0, "VC60": 0.0, "VC175": 0.4, "VC43": -1.0, "VC10": 0.0, "VC106": 1.2, "VC91": 0.0, "VC186": 0.8, "VC50": 1.4, "VC27": -0.6, "VC90": 0.2, "VC221": 0.4, "VC114": 0.25, "VC25": 1.8, "VC57": 0.25, "VC84": 0.2, "VC39": 0.0, "VC70": 0.0, "VC121": 0.0, "VC75": 0.4, "VC204": -0.4, "VC124": 0.6, "VC261": 0.8, "VC88": -1.4, "VC205": 0.2, "VC174": 0.8, "VC246": 0.2, "VC34": 0.2, "VC251": 0.75, "VC165": 0.0, "VC155": -0.2, "VC183": 1.2, "VC158": 0.0, "VC157": 0.2, "VC30": 0.4, "VC148": 0.6, "VC108": 0.6, "VC120": -0.2, "VC176": 0.8, "VC35": 0.4, "VC21": 1.2, "VC153": 0.0, "VC113": 0.2, "VC142": 0.4, "VC211": 0.0, "VC259": 0.6, "VC264": 0.8, "VC243": 0.2, "VC138": 0.0, "VC260": 0.4, "VC82": 0.25, "VC13": -0.2, "VC116": 0.0, "VC17": -0.4, "VC199": 0.6, "VC160": 0.4, "VC41": 0.2, "VC267": 0.2, "VC146": 0.4, "VC214": -0.2, "VC135": 0.6, "VC238": 0.0, "VC168": 0.6, "VC144": 0.25, "VC162": 0.6, "VC209": 0.6, "VC5": 0.4, "VC200": 0.25, "VC195": -0.3333333333333333, "VC18": 0.2, "VC237": 0.4, "VC16": -0.75, "VC59": 0.0, "VC208": 0.4, "VC256": -0.2, "VC154": 0.2, "VC85": 0.6, "VC1": 1.0, "VC212": 0.4, "VC38": 0.0, "VC228": 0.2, "VC156": 0.2, "VC22": -0.2, "VC140": -0.25, "VC177": 0.6, "VC86": -0.4, "VC66": 0.2, "VC187": 0.2, "VC31": 0.5, "VC194": 1.0, "VC149": 0.0, "VC236": 1.0, "VC266": 0.4, "VC181": 0.2, "VC125": 0.4, "VC250": 0.25, "VC216": 0.25, "VC19": 0.2222222222222222, "VC98": 0.0, "VC257": 0.6, "VC234": 0.8, "VC263": 0.8, "VC219": 0.8, "VC178": 0.6, "VC20": 1.0, "VC139": 0.0, "VC150": 0.0, "VC235": 0.2, "VC226": 1.0, "VC63": -0.2, "VC73": 0.25, "VC240": 0.6, "VC122": 0.4, "VC102": 0.6, "VC252": 0.0, "VC206": 0.2, "VC72": 0.5, "VC4": 0.2, "VC227": -0.2, "VC12": 0.25, "VC184": 0.6, "VC93": 0.4, "VC180": 0.4, "VC123": -0.6, "VC92": 0.8, "VC97": 0.8, "VC104": -0.6, "VC0": 1.25, "VC239": 0.6, "VC222": 0.6, "VC14": -0.25, "VC79": 0.2, "VC107": 0.0, "VC67": -2.6, "VC28": -0.2, "VC210": 0.6, "VC249": 0.2, "VC202": 0.2, "VC51": 0.0, "VC171": 0.2, "VC56": -1.2, "VC53": -0.2, "VC190": 0.0, "VC55": 0.0, "VC94": 1.4, "VC170": 0.4, "VC233": 0.6, "VC76": 0.2, "VC100": 1.25, "VC230": 0.25, "VC131": 0.0, "VC134": 0.2, "VC159": 1.0, "VC137": 0.6, "VC96": 0.0, "VC89": 1.2, "VC185": 0.2, "VC265": 0.2, "VC81": 0.6, "VC196": 0.2, "VC109": 0.6, "VC201": 0.2, "VC95": 0.2, "VC258": 1.0, "VC163": 0.6, "VC166": 0.0, "VC248": 0.6, "VC2": 1.2, "VC189": 1.0, "VC129": -2.2, "VC33": 0.2, "VC78": -0.25, "VC169": 0.6, "VC173": 0.0, "VC29": 0.2, "VC132": 0.4, "VC68": 0.0, "VC220": 0.4, "VC45": 0.0, "VC87": 0.4, "VC23": 0.4, "VC191": 0.6, "VC231": 0.6, "VC217": 0.4, "VC15": 0.2, "VC6": -0.2, "VC152": -2.0, "VC193": -1.8, "VC172": 0.6, "VC101": 1.2, "VC218": 1.0, "VC103": 0.6, "VC244": 0.4, "VC133": 0.2, "VC136": 0.0, "VC9": 0.0, "VC119": 0.2, "VC32": 0.0, "VC46": 0.6, "VC24": 0.4, "VC105": 0.0, "VC262": 0.2, "VC179": 0.2, "VC49": 0.2, "VC213": -0.2, "VC207": 1.0, "VC65": 1.0, "VC118": 0.0, "VC54": -2.0, "VC36": 0.8, "VC26": 0.25, "VC245": 0.4, "VC188": 0.2, "VC11": -0.2,