{
    "x4322pgn57aw6kxu" : {
        "it" : 0.7067721531737424,
        "bank" : 0.3872893349189183,
        "wait" : 0.4103723642566887,
        "acc" : 0.0132054263096438
    },
    "gcwuaq880khl2yqm" : {
        "it" : -0.5635390609346143,
        "bank" : -0.5032620402805545,
        "wait" : -0.3152101525614238,
        "acc" : -0.36399301570889003
    },
    "wzxrv04c3fxsljit" : {
        "it" : 1.1902851491319466,
        "bank" : 0.2748617536475423,
        "wait" : 0.5805167749933972,
        "acc" : 0.15835862192404404
    },
    "rdw3at6444wi2nzw" : {
        "it" : -1.4117568578977497,
        "bank" : -0.7793861555782877,
        "wait" : -0.08860832307739186,
        "acc" : -1.1051395878569215
    },
    "n4b7tl0pycnvh1rv" : {
        "it" : -0.8112023490489805,
        "bank" : -0.3979791377294814,
        "wait" : -0.008979215453910509,
        "acc" : -0.8019858474357997
    },
    "ikcq06vbt8890n17" : {
        "it" : -0.10991863743820535,
        "bank" : -0.2663729174289062,
        "wait" : 0.04030835392621891,
        "acc" : 0.0826526139485643
    },
    "qj56my3hj63zxnpd" : {
        "it" : -0.4614424426888663,
        "bank" : -0.8124160224750274,
        "wait" : -0.6610161474842222,
        "acc" : -1.301200976596405
    },
    "qyco8n5ncwjl1eq0" : {
        "it" : 0.2921419068693022,
        "bank" : 0.11997262720419066,
        "wait" : 0.16460205871628075,
        "acc" : 0.5891797942360006
    },
    "265hq2jgr5k3ggqi" : {
        "it" : -0.6284026623805382,
        "bank" : -0.4779722294536611,
        "wait" : -0.6365506767907171,
        "acc" : -0.1363840003580148
    },
    "0jdr9arz9v5yoiuu" : {
        "it" : 0.14980809609427448,
        "bank" : -0.5237303046643782,
        "wait" : 0.1452707128546197,
        "acc" : -0.12635937970942968
    },
    "w6c230cqxs1fo5k2" : {
        "it" : -0.16288270420611528,
        "bank" : -0.36242472370596684,
        "wait" : -0.17891514370879721,
        "acc" : -0.4135584604621015
    },
    "7pcbidfyl75re08z" : {
        "it" : 0.9028666667439333,
        "bank" : -0.8510944793744054,
        "wait" : -0.4132514966931651,
        "acc" : -0.48794014618371656
    },
    "0pe45tx5brlklyai" : {
        "it" : 0.3982742492617372,
        "bank" : -0.40015185968306305,
        "wait" : -0.5368646782286626,
        "acc" : -0.7299710890412218
    },
    "1sxmnr4g7dpzxgz4" : {
        "it" : -0.12211983653070425,
        "bank" : 0.3805730882773088,
        "wait" : 0.10923238376975884,
        "acc" : -0.04024522234772968
    },
    "3fnuzx5fajivhb32" : {
        "it" : 0.31641290184084625,
        "bank" : 0.030971977997802616,
        "wait" : 0.500497818645947,
        "acc" : -0.08176563782131602
    },
    "nxsmgzg9oy0u24kn" : {
        "it" : -0.8029170242019412,
        "bank" : 0.19830299006566773,
        "wait" : 1.4389074896927971,
        "acc" : 0.20218645663428642
    },
    "bcey2o9weo8nsf2r" : {
        "it" : 0.1334600470089195,
        "bank" : 0.4395809306311051,
        "wait" : -0.18109047239985365,
        "acc" : 0.17161643167287244
    },
    "nbpb6wagbx3hj46o" : {
        "it" : 0.33200860676066196,
        "bank" : 0.2655369555215083,
        "wait" : 0.6979407868982234,
        "acc" : 0.7637621520610915
    },
    "rijxd1jzv5og7i3k" : {
        "it" : -0.19497718524280652,
        "bank" : 0.26010170448755965,
        "wait" : 0.4146453185407186,
        "acc" : 0.3450649897175256
    },
    "mrnha7yrsr5027tk" : {
        "it" : -0.5818708900397644,
        "bank" : 0.007742027182815414,
        "wait" : 0.21604740403365016,
        "acc" : -0.130211098010651
    },
    "hfxd8hwvsol2ytpp" : {
        "it" : -0.48106346915186304,
        "bank" : -0.41435491272379676,
        "wait" : -0.6667676429121706,
        "acc" : -0.3796996812620834
    },
    "yzuyr0egblmssdgp" : {
        "it" : 0.2719759941778641,
        "bank" : 0.35813064329330985,
        "wait" : 0.3606432042384166,
        "acc" : 0.5269401151545018
    },
    "otp1ryxp59p90n3h" : {
        "it" : 0.4273785673878461,
        "bank" : 0.26010170448755965,
        "wait" : 0.6134088927913928,
        "acc" : -0.3292790089839823
    },
    "t5zc4brgy0g9msbf" : {
        "it" : -0.02099180439470273,
        "bank" : 0.24467769249029148,
        "wait" : 0.6612831215212123,
        "acc" : 0.24321161853118756
    },
    "mnlavs5c43k8cwdf" : {
        "it" : -0.5188645645500184,
        "bank" : -0.7647761084745032,
        "wait" : -0.6529194290486525,
        "acc" : -1.15644633817833
    },
    "wa3vlh53yqt6yb6a" : {
        "it" : -0.32962871531364485,
        "bank" : -0.10425372800658754,
        "wait" : -0.14536552073135522,
        "acc" : -0.13088355831329115
    },
    "yymw698dnt0qupbk" : {
        "it" : -0.08758608715325722,
        "bank" : 0.0858754087942917,
        "wait" : 0.021085141955169973,
        "acc" : 0.22233518073369857
    },
    "1nzky2hkir0dhphe" : {
        "it" : -0.20860740123345103,
        "bank" : 0.02605382690108933,
        "wait" : 0.1489464737876348,
        "acc" : 0.12022791080554554
    },
    "ozdq2jd2wcrcdom5" : {
        "it" : -0.2623010162078281,
        "bank" : -0.28415197196342734,
        "wait" : 0.5322667396626909,
        "acc" : 0.22113491858292866
    },
    "3yky7ejnld02h076" : {
        "it" : -0.21232882758162697,
        "bank" : -0.09802240721847022,
        "wait" : -0.42794907858682785,
        "acc" : -0.578010951287481
    },
    "y7vo1a7beiiv73wo" : {
        "it" : 0.06128078935593112,
        "bank" : 0.5164540978789666,
        "wait" : -0.18665709095492053,
        "acc" : 0.3486329107740062
    },
    "sxw2hmvhv5mnpl3m" : {
        "it" : 1.206169511463081,
        "bank" : 0.4768255829245766,
        "wait" : -0.9627400412537216,
        "acc" : 0.2668177680999007
    },
    "wr2b5vou7ntoubrh" : {
        "it" : 0.24834690412383956,
        "bank" : -0.2749016458007716,
        "wait" : -0.21872898836482677,
        "acc" : -0.7111154150330787
    },
    "zuyzs0cg8elh03c7" : {
        "it" : 0.4884029172621077,
        "bank" : 0.657608544693978,
        "wait" : 1.2604107718381405,
        "acc" : 0.27032414183513215
    },
    "bghvpkrtxmc05zut" : {
        "it" : 1.6990908722002565,
        "bank" : 0.6906803935722345,
        "wait" : -0.5050997196419257,
        "acc" : 0.9353376924018348
    },
    "joizpq57g09u3trq" : {
        "it" : -0.2170255394168666,
        "bank" : 0.4002307817709286,
        "wait" : 0.2367137950165951,
        "acc" : 0.81186005819933
    },
    "2nanx3fl9hkvqwxi" : {
        "it" : -0.35094121200847883,
        "bank" : 0.02605382690108933,
        "wait" : -0.6048997515229894,
        "acc" : -0.07410569233180224
    },
    "kma4trro54fw69cv" : {
        "it" : 0.07887185970258914,
        "bank" : 0.05817391278229876,
        "wait" : -0.47477106474805525,
        "acc" : -0.31647363616724605
    },
    "zlips60wdzoecnpn" : {
        "it" : -0.12539105069220774,
        "bank" : -0.495482268231086,
        "wait" : 0.8035056656107867,
        "acc" : 0.017710895045823377
    },
    "h89ffns5mypyl8hr" : {
        "it" : -0.41930957107113426,
        "bank" : -0.48045479459891893,
        "wait" : -0.4981165629500263,
        "acc" : -0.1513459796893513
    },
    "htdul44jf7csl95l" : {
        "it" : -0.2686400138162489,
        "bank" : 0.2824062202924963,
        "wait" : -0.21573721200215643,
        "acc" : 0.30554429398723604
    },
    "um5sioozohhxj57e" : {
        "it" : -0.6799737521214646,
        "bank" : -0.3052031293740086,
        "wait" : -0.4319035761275193,
        "acc" : -0.6185421867075191
    },
    "f4sdfewok3vj73ib" : {
        "it" : 1.1361296953756772,
        "bank" : 0.18208574529206956,
        "wait" : 0.395743760799531,
        "acc" : -0.34934384768860066
    },
    "ffnya5avuw3o6tbg" : {
        "it" : 0.1514608210742909,
        "bank" : 0.30074464735156287,
        "wait" : -0.36860860091109343,
        "acc" : -0.37373356071597036
    },