{
    "1dr6do0v59nvfuyb" : {
        "it" : -0.10963830946811245,
        "bank" : 0.5259612165886719,
        "wait" : -0.4782039010873308,
        "acc" : 0.5230499763426171
    },
    "l8k377g56s3el3w8" : {
        "it" : -0.8233408804421014,
        "bank" : -0.9119313306072313,
        "wait" : -0.23341638679415,
        "acc" : -1.2648443022461513
    },
    "nl9c7m1srguf2z85" : {
        "it" : -0.09372054411853098,
        "bank" : -0.4571308615617593,
        "wait" : -0.5284697297723351,
        "acc" : -0.42242004176205505
    },
    "dkn4fngod0cu9ekx" : {
        "it" : -0.39051251556994004,
        "bank" : 0.49607146377998157,
        "wait" : -0.4983900803004382,
        "acc" : -0.21300589959225974
    },
    "vk0f55dnvw02l6z5" : {
        "it" : 0.5637555375189398,
        "bank" : 0.06997256768668042,
        "wait" : 0.9184234606977715,
        "acc" : 0.06983863383662244
    },
    "rq2cky3nvvaozdgj" : {
        "it" : -0.5658378208455762,
        "bank" : 0.11835100614621907,
        "wait" : 0.2841305557582913,
        "acc" : 0.3125837365045703
    },
    "e2cj9n0es1gy2e9y" : {
        "it" : -0.1024442560453992,
        "bank" : 0.3604221794879864,
        "wait" : 1.1680896465456674,
        "acc" : 0.3609016660133566
    },
    "cbwfssqp0ojvg18s" : {
        "it" : -0.4760137767041935,
        "bank" : -0.5268350013320973,
        "wait" : -0.3076384503816641,
        "acc" : -0.268509321839825
    },
    "gbces3wvygv0w5pi" : {
        "it" : 0.2060451402398262,
        "bank" : -0.1439182805327509,
        "wait" : 0.29575478584431414,
        "acc" : -0.38434099272351724
    },
    "8ivbw3rjtz3mul1u" : {
        "it" : -0.2879554665357929,
        "bank" : 0.07422675594610817,
        "wait" : -0.06761981186724875,
        "acc" : -0.3902640584848753
    },
    "h1l5bi89imo4eake" : {
        "it" : 0.6500330979856463,
        "bank" : -0.3970583823451464,
        "wait" : 0.4140461845304386,
        "acc" : -0.5019041684598696
    },
    "2fu1lfmbkmthyh7a" : {
        "it" : 0.29516531370746524,
        "bank" : 0.0858754087942917,
        "wait" : 0.3217250592379655,
        "acc" : -0.28501994326189994
    },
    "uz3q57winmvx8dzf" : {
        "it" : -0.215632562389883,
        "bank" : -0.16590839267170063,
        "wait" : -0.03475251739838653,
        "acc" : 0.13768478447264146
    },
    "3bz7pxnxce24tnss" : {
        "it" : 0.08773921812237893,
        "bank" : 0.5452983858385881,
        "wait" : -0.06107166255308693,
        "acc" : 0.44058534087688606
    },
    "jyv4nvw2e76hmwix" : {
        "it" : 0.05649299738367933,
        "bank" : -0.33588419515106854,
        "wait" : -0.764070166777804,
        "acc" : -0.2176055972849849
    },
    "gqyatjrk7fq9plal" : {
        "it" : 0.2424532586109979,
        "bank" : 0.2613944984913864,
        "wait" : 0.16209131684360983,
        "acc" : 0.08231859671726485
    },
    "8oqsehlz4gj6c8pm" : {
        "it" : 0.50644320784514,
        "bank" : 0.4782467409664187,
        "wait" : -0.9421771534548026,
        "acc" : 0.7974439626753167
    },
    "6bn9jr7s2ps7dssb" : {
        "it" : -0.2995162098924379,
        "bank" : -0.6732990458820797,
        "wait" : 0.4335716644941505,
        "acc" : -0.8957924985584581
    },
    "imbrdb1lz0iia06m" : {
        "it" : 0.049938122724223565,
        "bank" : -0.10836386650923638,
        "wait" : -0.0596563812435118,
        "acc" : -0.18681903746156817
    },
    "wjnpe5fvztd8jz1t" : {
        "it" : -0.2170255394168666,
        "bank" : 0.26010170448755965,
        "wait" : -0.5085117597462752,
        "acc" : 0.3689727309941094
    },
    "o4n7p8qtpnrp60oa" : {
        "it" : 0.045384401638914315,
        "bank" : 0.45434097979108773,
        "wait" : 0.06338616886951738,
        "acc" : 0.23977917651572928
    },
    "lt3s8c8u84yvhsgg" : {
        "it" : 0.01154802873756755,
        "bank" : 0.6274244835367271,
        "wait" : -0.1645041301967787,
        "acc" : 0.5408618647272142
    },
    "b04bqghczktsjki8" : {
        "it" : 0.15937668642188102,
        "bank" : 0.23240020847556675,
        "wait" : 0.40014129409298227,
        "acc" : 0.710425248573817
    },
    "vfi3skrrx3kzg9hx" : {
        "it" : 0.1926145739460772,
        "bank" : 0.033583813082104924,
        "wait" : 0.013065034757494737,
        "acc" : 0.5148825675564433
    },
    "222fs16ivog3usqy" : {
        "it" : 0.3361295942959102,
        "bank" : -0.02623776881109744,
        "wait" : 0.5264680920395982,
        "acc" : 0.15889523950142984
    },
    "ljy0e7yfh5r3u9ee" : {
        "it" : -0.002807867318748991,
        "bank" : 0.025219486320028378,
        "wait" : 0.6705693991749307,
        "acc" : 0.3477582138095117
    },
    "14wazn0nh00pxefa" : {
        "it" : -0.10711717546577491,
        "bank" : 0.32735033060972984,
        "wait" : -0.47250594252347544,
        "acc" : -0.5871557391170742
    },
    "vphxtc2pnm4f8fc6" : {
        "it" : -0.48906150101305923,
        "bank" : -1.0506736316646008,
        "wait" : -0.17703173806189926,
        "acc" : -0.39068668220150965
    },
    "8hnb4myoz69xkidi" : {
        "it" : -0.3609897800030738,
        "bank" : -0.8656462925454314,
        "wait" : -0.3393174731791232,
        "acc" : -0.5899028429448273
    },
    "5h0djwjb376gcur8" : {
        "it" : -0.09555887324109369,
        "bank" : -0.01558785815376365,
        "wait" : -0.025522916318606176,
        "acc" : 0.3703930165154273
    },
    "jf8d7w9ec3viyrd9" : {
        "it" : -0.9812506679559349,
        "bank" : -0.5828612963795023,
        "wait" : -0.7930662386432936,
        "acc" : -0.8647282687234172
    },
    "a2v0qzkbpttwwqj2" : {
        "it" : -0.6871678055441779,
        "bank" : -0.6263156314429085,
        "wait" : -0.2605523665630574,
        "acc" : -0.46381345994575474
    },
    "q3nv1fvfbsimzxy1" : {
        "it" : -0.990230915438032,
        "bank" : -0.8943374097996527,
        "wait" : -0.5638430197414639,
        "acc" : -0.784541851653769
    },
    "y3e4proxa43hjm2k" : {
        "it" : 0.045384401638914315,
        "bank" : 0.22454729046404517,
        "wait" : 0.04564013403924612,
        "acc" : -0.02272598719373134
    },
    "ouvt0enslbkr9vad" : {
        "it" : 0.5014441346642516,
        "bank" : 0.3369748717354211,
        "wait" : -0.1019708667372938,
        "acc" : 0.2954321452624859
    },
    "xre32i1qzsryb07m" : {
        "it" : 0.5130293261787517,
        "bank" : 0.019658104503183282,
        "wait" : -0.10735932342425925,
        "acc" : 0.36164949123203444
    },
    "4sonprl1gh2iiwaw" : {
        "it" : 0.47320845207781187,
        "bank" : -0.48072221907110335,
        "wait" : -0.298688573083987,
        "acc" : -0.5962576265488397
    },
    "h4r1ruuyoqfe46do" : {
        "it" : -0.20815818099707678,
        "bank" : 0.010459437160045701,
        "wait" : -0.2188469841138431,
        "acc" : -0.04435025020989811
    },
    "o3ucd6bqd9d10oa5" : {
        "it" : -0.30054746370156254,
        "bank" : 0.3594234372971366,
        "wait" : 0.34068746326937144,
        "acc" : 0.19013772476548393
    },
    "t6p1n0yfpucshrg0" : {
        "it" : -0.45784021467575675,
        "bank" : -0.6033412575770474,
        "wait" : -0.16862808080316033,
        "acc" : -0.44806502645102664
    }
}
