{"gvcf5ie3fwtk4ykd": {"bank": -0.1893996690571287, "acc": -0.01996299863944512, "it": -0.10187144202177473, "wait": -0.012247949931619538}, "7pcbidfyl75re08z": {"bank": -0.17394861673214307, "acc": 0.19181027339746354, "it": 0.9140096665496468, "wait": 0.3572776554182783}, "bu23wksp08iuacf4": {"bank": -0.12651239118096747, "acc": 0.052032436963793643, "it": -0.027117435571516687, "wait": -0.21828406581148754}, "9up43epq1d3n5wv2": {"bank": 0.011244827340452013, "acc": 0.10348261784604526, "it": -0.07927212301938809, "wait": -0.4071367207932336}, "w0qw82ya724bjj91": {"bank": -0.17284449527356469, "acc": 0.06248723626791972, "it": -0.16981117011322971, "wait": 0.07687900834149672}, "uvbntj0uhi6nk70g": {"bank": -0.010803834665030264, "acc": 0.059433610248052014, "it": 0.06174725873351692, "wait": -0.3157102721527115}, "gqtglqstdji2zj4c": {"bank": -0.033225871023802686, "acc": 0.018326649225301875, "it": -0.14049059184634718, "wait": -0.04584476520086935}, "lorkpgyoxmcnh729": {"bank": 0.23276741230002163, "acc": 0.11766334580624428, "it": 0.0453039876237613, "wait": 0.222777732931564}, "8lcapb5hbunyqm1b": {"bank": 0.037085647626793845, "acc": 0.07044178505829582, "it": 0.0017412781438586311, "wait": -0.39037678149745714}, "ffnya5avuw3o6tbg": {"bank": 0.01735171796722085, "acc": 0.012718991762294282, "it": -0.14564331144828402, "wait": -0.41180155123411727}, "yymw698dnt0qupbk": {"bank": -0.09537033204722892, "acc": 0.01197705861291749, "it": -0.08097037207940044, "wait": -0.07242219246934117}, "449gmz7cfqoypozu": {"bank": 0.20138216439198187, "acc": 0.11535103162136046, "it": 0.08486772288858552, "wait": -0.11850086019883509}, "gcwuaq880khl2yqm": {"bank": 0.08776943867873953, "acc": 0.17499476093580976, "it": 0.1287018345740674, "wait": 0.13190435224770167}, "59o6uxl0s2is2wyi": {"bank": -0.009492222295316073, "acc": 0.2020644703522738, "it": -0.1584176845878686, "wait": -0.08540384686710345}, "8qf1zgy977xlev7v": {"bank": 0.08668899585508065, "acc": 0.01492854830214316, "it": 0.36133106851012714, "wait": -0.24811122580371367}, "7ulbjblb1xx1lqgw": {"bank": 0.051822645256768565, "acc": 0.22043860114303893, "it": 0.17200966140476404, "wait": 0.026058230229168016}, "ikcq06vbt8890n17": {"bank": 0.03164856911246633, "acc": 0.1817120999265515, "it": 0.14000119253970217, "wait": 0.08264199669865097}, "d0t865ru3vil43r8": {"bank": 0.05105254576564605, "acc": 0.0541268554551888, "it": -0.06255897745014227, "wait": -0.16336672021086293}, "qyco8n5ncwjl1eq0": {"bank": -0.0017345391426965213, "acc": -0.18376185192803762, "it": 0.02314862199224737, "wait": 0.20033792370951298}, "sekr2p1jsk0gpgx7": {"bank": 0.10173478091245786, "acc": -0.12684880100627888, "it": -0.17895558443472795, "wait": -0.11725563378718677}, "f4sdfewok3vj73ib": {"bank": -0.2105856816035335, "acc": 0.12179821735788086, "it": 0.9297231208387674, "wait": -0.16592205755898376}, "vtx382hvj7t8717p": {"bank": 0.38236417603693096, "acc": 0.2654695788580515, "it": -0.011697215028594627, "wait": -0.42534314265808754}, "l90zcrorkb083cic": {"bank": 0.04691308355517337, "acc": 0.0691697187263197, "it": 0.2660905862459126, "wait": 0.10947945130690138}, "zgb2m144jgn4f4xg": {"bank": 0.016810239108340855, "acc": -0.14026174089227864, "it": -0.07564211898286534, "wait": 0.2033394809218935}, "joizpq57g09u3trq": {"bank": 0.07050356992699025, "acc": 0.226352886766076, "it": -0.03147465343148256, "wait": -0.28852932741093174}, "so73l0d38z3v7lxh": {"bank": -0.2576394304971971, "acc": -0.06046619178916598, "it": 0.23700031766650378, "wait": -0.2664080009089115}, "qj56my3hj63zxnpd": {"bank": -0.30267088897543315, "acc": 0.1396344741389049, "it": 0.1365642487163706, "wait": -0.0007102354001199681}, "7grpjtn4m1mji7va": {"bank": -0.021338667075898286, "acc": 0.0860715432328738, "it": -0.166556708514316, "wait": -0.355577405541059}, "n4b7tl0pycnvh1rv": {"bank": -0.2622318130267843, "acc": 0.0072104426846183785, "it": -0.1402226085909991, "wait": -0.5955509645625462}, "bcey2o9weo8nsf2r": {"bank": 0.19678274788360114, "acc": 0.17860362372900948, "it": 0.5261915611191558, "wait": 0.14427858942828764}, "ivu4k0xw0aocob3v": {"bank": -0.4545168871407458, "acc": -0.7687750616488066, "it": -0.6147313903784807, "wait": -0.4432222633279496}, "um5sioozohhxj57e": {"bank": 0.055947981518016526, "acc": -0.2088407595871117, "it": -0.029026775444961416, "wait": -0.1822231535051781}, "6rcucb22gpr1tdl2": {"bank": 0.1789886127244572, "acc": -0.149477963816458, "it": 0.24956143381621504, "wait": -0.1471667923992341}, "vsnxzkkh398q3l85": {"bank": 0.17988296810744817, "acc": 0.03791683376438193, "it": 0.11976322940138402, "wait": -0.11939707877114096}, "yzuyr0egblmssdgp": {"bank": 0.3023315901551609, "acc": 0.295972620839458, "it": -0.16015907775945334, "wait": 0.5541103113776228}, "fmrtuxtcoc4cuqzl": {"bank": 0.1527423465652594, "acc": 0.00962953238792372, "it": -0.03776422244263575, "wait": -0.1083109012783942}, "uz07b1emb37edydd": {"bank": 0.01502451588445628, "acc": 0.104703572547992, "it": 0.04856939539211132, "wait": 0.14525992804193477}, "9qzwcjy72o8up7cf": {"bank": -0.30094485697225026, "acc": 0.014302258425779538, "it": -0.06845221606363544, "wait": -0.12198282959095742}, "0jdr9arz9v5yoiuu": {"bank": 0.22445462653354986, "acc": -0.18254507584592644, "it": 0.36054990519866853, "wait": -0.07381629382364162}, "hfxd8hwvsol2ytpp": {"bank": -0.15546249180990465, "acc": -0.103717440802594, "it": 0.059247948377341215, "wait": -0.010806893979618794}, "kma4trro54fw69cv": {"bank": 0.22073056225025836, "acc": 0.19135201252591885, "it": 0.11115281899420759, "wait": -0.12755550273053354}, "wa3vlh53yqt6yb6a": {"bank": -0.2989838643681303, "acc": 0.03035198546421755, "it": -0.045184131145813114, "wait": -0.28163692730475814}, "htdul44jf7csl95l": {"bank": -0.1577905603766312, "acc": 0.01839108189250063, "it": -0.09926691005983618, "wait": -0.15973704702901967}, "zlips60wdzoecnpn": {"bank": -0.07484016856684045, "acc": 0.033103775338668914, "it": -0.1545631143025051, "wait": 0.00980530601649258}, "x4322pgn57aw6kxu": {"bank": 0.23819287133833683, "acc": 0.30593341641093963, "it": 0.4694821245815172, "wait": 0.34037966090616856}, "y7vo1a7beiiv73wo": {"bank": 0.19397925499360813, "acc": -0.06357887254793251, "it": 0.08457438029366322, "wait": 0.0834739928049265}, "ozdq2jd2wcrcdom5": {"bank": -0.20380185807188098, "acc": -0.3000795023709512, "it": -0.018217797563331275, "wait": 0.3952107709475133}, "nqrt1tbiu5reh65m": {"bank": -0.02930315404196661, "acc": 0.03411834597018317, "it": -0.06497152603672633, "wait": 0.09342815367927354}, "h89ffns5mypyl8hr": {"bank": 0.15880218554982467, "acc": 0.19529914683936742, "it": -0.16987378606476533, "wait": -0.12472081546964355}, "ff0c0bfvn7ngeh7b": {"bank": -0.13583722235611795, "acc": 0.20573415990023786, "it": 0.48055509251123085, "wait": 0.11364551341200432}, "31s81zrk7kciwyz0": {"bank": -0.19525775427930545, "acc": -0.03841847896197362, "it": -0.03109640476355943, "wait": 0.18574148611441246}, "4jpbg9xnt0zeg6ck": {"bank": 0.15075883179229163, "acc": 0.16378725450930554, "it": -0.11263878268652908, "wait": 0.45259195764828175}, "z03zp1u29sgcponk": {"bank": -0.36233040056853993, "acc": -0.5615232028631502, "it": -0.04849983639503892, "wait": -0.3461903521059892}, "iq1c95huaikwnbdm": {"bank": 0.04079720108585051, "acc": -0.02050020196319084, "it": -0.673719099993259, "wait": -0.00469026739181819}, "0pe45tx5brlklyai": {"bank": -0.21456186179534728, "acc": -0.1438782183519459, "it": -0.33231420813227225, "wait": -0.1447751775168567}, "2nanx3fl9hkvqwxi": {"bank": -0.4446227063386469, "acc": -0.008335886973381208, "it": -0.08419311926538044, "wait": -0.08147289438055026}, "nxsmgzg9oy0u24kn": {"bank": 0.10883740222731884, "acc": 0.09986766116156395, "it": -0.0847790732039158, "wait": 1.6144897531744435}, "os2tywwqs96gm1ww": {"bank": 0.01670257624444893, "acc": 0.21303733830279337, "it": -0.5380752213393144, "wait": -0.11198099317646883}, "9o6c84sofhxsxw3f": {"bank": 0.2813961430793395, "acc": 0.3227926026939896,