{"gvcf5ie3fwtk4ykd": {"bank": 0.11950418476571535, "acc": 0.09921790025014458, "it": -0.11974459588688241, "wait": -0.07005070413066142}, "7pcbidfyl75re08z": {"bank": -0.03672613519707939, "acc": 0.20400170093921297, "it": 0.3821805029239744, "wait": 0.01816907601474817}, "bu23wksp08iuacf4": {"bank": 0.10292352516589252, "acc": 0.49815095791113245, "it": -0.08377545693466594, "wait": 0.02925188520009444}, "9up43epq1d3n5wv2": {"bank": 0.08775031810536818, "acc": 0.0490680823366122, "it": 0.04203108906350917, "wait": 0.15145050407995328}, "w0qw82ya724bjj91": {"bank": 0.04286888517645754, "acc": -0.25362197482482346, "it": -0.11601376477120055, "wait": 0.14689254552687414}, "uvbntj0uhi6nk70g": {"bank": -0.35203576299220124, "acc": -0.033594630843735256, "it": -0.05129457838817614, "wait": 0.013079472679980617}, "gqtglqstdji2zj4c": {"bank": 0.04787336711026386, "acc": 0.19642142614477542, "it": 0.031161588377900062, "wait": -0.11348453898773685}, "lorkpgyoxmcnh729": {"bank": -0.04128697864389109, "acc": 0.17464650795834213, "it": -0.2660533374834359, "wait": -0.013322848140705874}, "8lcapb5hbunyqm1b": {"bank": 0.136950726119172, "acc": -0.17270758444793327, "it": -0.09886682520123974, "wait": -0.14609981744511216}, "ffnya5avuw3o6tbg": {"bank": -0.5947663258160676, "acc": -0.008852658284038872, "it": -0.03118070956529052, "wait": 0.018680668534792274}, "yymw698dnt0qupbk": {"bank": 0.03674166274716034, "acc": 0.355056793159135, "it": -0.18456017452634968, "wait": -0.0703859682853677}, "449gmz7cfqoypozu": {"bank": 0.09151360207234983, "acc": 0.18063399061449867, "it": -0.17601006669160327, "wait": -0.015056036109042492}, "gcwuaq880khl2yqm": {"bank": 0.02924469610495327, "acc": 0.33032539723143794, "it": 0.05461322591219189, "wait": -0.0056207025166616475}, "59o6uxl0s2is2wyi": {"bank": 0.12958499062843468, "acc": -0.05933710612365315, "it": 0.10626915201310126, "wait": -0.09321348822437171}, "8qf1zgy977xlev7v": {"bank": 0.08503573383448076, "acc": 0.21615395181250022, "it": 0.2974150158079082, "wait": -0.2613914461499953}, "7ulbjblb1xx1lqgw": {"bank": 0.138565228887995, "acc": 0.12008807099945329, "it": 0.07828118146482098, "wait": -0.06779201133737559}, "ikcq06vbt8890n17": {"bank": 0.2253674521478626, "acc": 0.12740766770224482, "it": -0.007364718491349752, "wait": 0.2926549914842469}, "d0t865ru3vil43r8": {"bank": 0.26185644962961874, "acc": 0.14089456305231934, "it": -0.09949998513497262, "wait": -0.3549621866910965}, "qyco8n5ncwjl1eq0": {"bank": -0.04167871772752365, "acc": 0.08284640543597246, "it": 0.039459048863616335, "wait": 0.11263396035913052}, "sekr2p1jsk0gpgx7": {"bank": 0.07542850825559469, "acc": -0.36031434817944297, "it": -0.1221245708349051, "wait": -0.049821631840147845}, "f4sdfewok3vj73ib": {"bank": -0.012254463646560783, "acc": 0.020324843085880596, "it": 0.33282162444856683, "wait": -0.1336303534295465}, "vtx382hvj7t8717p": {"bank": 0.3749389557467681, "acc": 0.37853062999430115, "it": -0.21907991334320617, "wait": 0.057230319930876086}, "l90zcrorkb083cic": {"bank": -0.19538518589111775, "acc": 0.12875849790754915, "it": 0.05734032102046051, "wait": -0.14490560505459782}, "zgb2m144jgn4f4xg": {"bank": 0.19392193931851587, "acc": -0.09313241075926762, "it": -0.17770668129153866, "wait": 0.10573590725767065}, "joizpq57g09u3trq": {"bank": 0.11922534521421174, "acc": 0.26429341978114335, "it": -0.03225146204311243, "wait": 0.029037853279684497}, "so73l0d38z3v7lxh": {"bank": -0.11468866146817511, "acc": 0.07580042643615315, "it": 0.13206660345159602, "wait": -0.11220289112245233}, "qj56my3hj63zxnpd": {"bank": -0.15829189700399351, "acc": 0.0023308584159062963, "it": 0.30644004139454917, "wait": 0.21334418780303774}, "7grpjtn4m1mji7va": {"bank": -0.15525292244186972, "acc": -0.00931914671583593, "it": -0.034251578230652016, "wait": -0.580730697932279}, "n4b7tl0pycnvh1rv": {"bank": -0.13458307377062587, "acc": 0.0055746803746236995, "it": -0.21787976540412454, "wait": -0.4692540918414253}, "bcey2o9weo8nsf2r": {"bank": 0.12806561059416266, "acc": -0.18785359930439074, "it": 0.21956622657554625, "wait": 0.04989114012231328}, "ivu4k0xw0aocob3v": {"bank": -0.4070332703278718, "acc": -0.5468350682696681, "it": -0.35393189862915764, "wait": -0.4383930495145746}, "um5sioozohhxj57e": {"bank": -0.06093442077278393, "acc": -0.1027783148427643, "it": -0.08002277001879161, "wait": 0.04735646367171732}, "6rcucb22gpr1tdl2": {"bank": 0.005877397675604487, "acc": 0.09118778065142602, "it": 0.16106841528459676, "wait": 0.0921730130828848}, "vsnxzkkh398q3l85": {"bank": -0.2341372011774099, "acc": 0.19713578608069926, "it": -0.06554988523795535, "wait": 0.036155339770098084}, "yzuyr0egblmssdgp": {"bank": 0.3041566905913655, "acc": 0.395752289932506, "it": -0.09182946279674369, "wait": 1.0067481012299728}, "fmrtuxtcoc4cuqzl": {"bank": 0.15555203121550507, "acc": 0.07736632056644478, "it": -0.06769866055837757, "wait": -0.07025060994767207}, "uz07b1emb37edydd": {"bank": 0.0593813362795427, "acc": 0.16212965255604295, "it": -0.030738038353704075, "wait": -0.006094941205673836}, "9qzwcjy72o8up7cf": {"bank": 0.11297764565508418, "acc": -0.08081814626357059, "it": -0.11308206357957401, "wait": -0.1791221827632814}, "0jdr9arz9v5yoiuu": {"bank": 0.31442106532089215, "acc": 0.17893188596666243, "it": 0.3987462196607631, "wait": 0.2498352810063701}, "hfxd8hwvsol2ytpp": {"bank": -0.06971499891229838, "acc": -0.03905798638343284, "it": 0.050042887935146635, "wait": 0.10605654179620248}, "kma4trro54fw69cv": {"bank": 0.06780694331756712, "acc": 0.21856289619886385, "it": -0.030461558581981536, "wait": 0.15491255493929187}, "wa3vlh53yqt6yb6a": {"bank": -0.1985313673677699, "acc": -0.40665511670511023, "it": -0.17915631744551525, "wait": -0.2605844900441361}, "htdul44jf7csl95l": {"bank": -0.5625751667525261, "acc": -0.21831927159618822, "it": -0.19899739401061983, "wait": 0.10817538479199024}, "zlips60wdzoecnpn": {"bank": -0.1376867443049823, "acc": 0.13694593396807161, "it": 0.008555944974532024, "wait": 0.23940924863598198}, "x4322pgn57aw6kxu": {"bank": 0.004752524674385905, "acc": 0.0328497508164628, "it": 0.2692281461904372, "wait": -0.11078424169682549}, "y7vo1a7beiiv73wo": {"bank": 0.2654472485505247, "acc": -0.03730694933409071, "it": -0.08325528572272614, "wait": 0.11098371708947996}, "ozdq2jd2wcrcdom5": {"bank": 0.010609988666535999, "acc": 0.10648000548786493, "it": -0.08185811706277374, "wait": 0.10371738789282495}, "nqrt1tbiu5reh65m": {"bank": 0.08715826670466843, "acc": -0.12023567246375462, "it": -0.13044802727041735, "wait": 0.0035311622343764592}, "h89ffns5mypyl8hr": {"bank": 0.045485230065315824, "acc": -0.08439645053739264, "it": -0.12016367588260929, "wait": -0.0873464741746224}, "ff0c0bfvn7ngeh7b": {"bank": 0.06554160930131564, "acc": 0.2125397572437939, "it": 0.42129363727609875, "wait": 0.13653052971418606}, "31s81zrk7kciwyz0": {"bank": 0.03375559562509438, "acc": 0.2486780063300828, "it": -0.0541020576559018, "wait": -0.01838849823884605}, "4jpbg9xnt0zeg6ck": {"bank": 0.020729472185364542, "acc": 0.08940832270652027, "it": -0.030293787020062374, "wait": 0.4232476052702069}, "z03zp1u29sgcponk": {"bank": -0.3297333013428965, "acc": -0.27246604964721144, "it": 0.2079029789138911, "wait": -0.4686737600813977}, "iq1c95huaikwnbdm": {"bank": -0.19996112194836166, "acc": -0.2878340433079125, "it": -0.46979550702999867, "wait": -0.07039723310229384}, "0pe45tx5brlklyai": {"bank": -0.4416603482407573, "acc": -0.5466823422357452, "it": -0.2541912066104224, "wait": -0.20913866681255824}, "2nanx3fl9hkvqwxi": {"bank": -0.02727174858126229, "acc": -0.044741286366041064, "it": -0.02815338867932473, "wait": -0.046838130734602676}, "nxsmgzg9oy0u24kn": {"bank": 0.15385406781896863, "acc": 0.442905893250256, "it": -0.15196289519984074, "wait": 1.4623129210664232}, "os2tywwqs96gm1ww": {"bank": -0.10238585583359075, "acc": 0.1013829721968397, "it": -0.6927651379693756, "wait": 0.13027073366252026}, "9o6c84sofhxsxw3f": {"bank": 0.07801687342193439, "acc": 0.4689459088330076,