{"gvcf5ie3fwtk4ykd": {"bank": -0.04831458637951091, "acc": 0.08175648364347111, "it": -0.18032497149679846, "wait": -0.1907059694895529}, "7pcbidfyl75re08z": {"bank": -0.25440732411222106, "acc": 0.21783905135431111, "it": 0.155320323170704, "wait": 0.5541161287146787}, "bu23wksp08iuacf4": {"bank": 0.06041203238411968, "acc": 0.19836384924104442, "it": -0.07608502460473021, "wait": -0.2070799495907048}, "9up43epq1d3n5wv2": {"bank": 0.029184083715520486, "acc": 0.02878471133666911, "it": -0.20216527507001872, "wait": -0.20436943342850622}, "w0qw82ya724bjj91": {"bank": -0.009698674717966342, "acc": -0.030994276058103877, "it": -0.05399368426163534, "wait": -0.04526463459218982}, "uvbntj0uhi6nk70g": {"bank": -0.051744777958619786, "acc": 0.03379803464175937, "it": 0.1951911219127972, "wait": -0.30979814940693506}, "gqtglqstdji2zj4c": {"bank": 0.20219406007991317, "acc": -0.08312899695512994, "it": -0.24423122340998962, "wait": -0.005247651008201292}, "lorkpgyoxmcnh729": {"bank": -0.005074768140319665, "acc": 0.17713427407006865, "it": -0.21913127431811566, "wait": -0.12352231528737752}, "8lcapb5hbunyqm1b": {"bank": 0.005751795901515332, "acc": 0.12959075617894555, "it": -0.0124371898919056, "wait": -0.2095503943726963}, "ffnya5avuw3o6tbg": {"bank": 0.011446398222209142, "acc": 0.14954711029309437, "it": -0.054981691774228236, "wait": -0.32881380833432805}, "yymw698dnt0qupbk": {"bank": 0.10041191608121176, "acc": 0.04425999881575297, "it": -0.1023316207023849, "wait": -0.1494189183542456}, "449gmz7cfqoypozu": {"bank": 0.2525951355942964, "acc": 0.1173242233663418, "it": 0.05527573343578278, "wait": -0.1301678111350102}, "gcwuaq880khl2yqm": {"bank": 0.1456779044541426, "acc": 0.05334165885395073, "it": -0.21619753539130698, "wait": -0.28344127046118783}, "59o6uxl0s2is2wyi": {"bank": -0.1239933937142938, "acc": 0.16097335406099983, "it": 0.17959120714397828, "wait": -0.14679403045434147}, "8qf1zgy977xlev7v": {"bank": 0.19108102829534773, "acc": 0.147234685511498, "it": 0.27227992210062674, "wait": -0.46701509209131137}, "7ulbjblb1xx1lqgw": {"bank": 0.20035455997267435, "acc": 0.1915411410627289, "it": 0.1463766931956683, "wait": -0.25116032725734144}, "ikcq06vbt8890n17": {"bank": 0.19454379886344372, "acc": 0.26968257930000383, "it": -0.06436656913746419, "wait": -0.03579284490045449}, "d0t865ru3vil43r8": {"bank": 0.25158591652599205, "acc": 0.03748706584199244, "it": -0.12107584027571244, "wait": -0.0528229242698738}, "qyco8n5ncwjl1eq0": {"bank": 0.1700309515191227, "acc": 0.007775599438878714, "it": 0.014082922499324338, "wait": 0.0043618220005536175}, "sekr2p1jsk0gpgx7": {"bank": 0.056498567976009696, "acc": 0.1271054235239135, "it": -0.057038714061197, "wait": -0.1741814509852032}, "f4sdfewok3vj73ib": {"bank": -0.10313493189624368, "acc": 0.11889073634560358, "it": 0.5161669199076158, "wait": -0.233091446321788}, "vtx382hvj7t8717p": {"bank": 0.31341855108455663, "acc": 0.3300326523853694, "it": -0.12573025516030117, "wait": -0.2584380930604985}, "l90zcrorkb083cic": {"bank": -0.04478012427408846, "acc": -0.2494769156152017, "it": 0.08221645899981822, "wait": 0.22904917460497853}, "zgb2m144jgn4f4xg": {"bank": 0.1441643536505538, "acc": -0.062238253407035656, "it": -0.143977556628075, "wait": 0.15818380117972622}, "joizpq57g09u3trq": {"bank": 0.22240514495442126, "acc": 0.20421635596578638, "it": -0.14581326573274142, "wait": 0.06444318481718275}, "so73l0d38z3v7lxh": {"bank": 0.09158311536927663, "acc": 0.03157393526127503, "it": 0.00925858739433301, "wait": -0.17326737342980206}, "qj56my3hj63zxnpd": {"bank": -0.2534461246628575, "acc": 0.17009366577808915, "it": 0.17410994647871472, "wait": -0.07008959557107218}, "7grpjtn4m1mji7va": {"bank": -0.31643527281836364, "acc": -0.04175955203901101, "it": -0.16730211528305705, "wait": -0.00038088513084179933}, "n4b7tl0pycnvh1rv": {"bank": -0.3508531784578892, "acc": -0.07777945899219868, "it": -0.30947272979497553, "wait": -0.422249104363477}, "bcey2o9weo8nsf2r": {"bank": -0.19894380962907665, "acc": -0.18871638647433478, "it": 0.539136765797575, "wait": 0.25445760062186745}, "ivu4k0xw0aocob3v": {"bank": -0.37249740185049535, "acc": -0.5157040251881285, "it": -0.35599388343159616, "wait": -0.30383745041524146}, "um5sioozohhxj57e": {"bank": -0.05166799631277322, "acc": -0.039268668962657814, "it": -0.29561294886147105, "wait": -0.2241611789318612}, "6rcucb22gpr1tdl2": {"bank": 0.03783053057238844, "acc": 0.06421146915038027, "it": 0.347457435005137, "wait": -0.07478824023345741}, "vsnxzkkh398q3l85": {"bank": 0.23816189242303698, "acc": -0.04981357951965026, "it": -0.0826433412801219, "wait": -0.03921622686550637}, "yzuyr0egblmssdgp": {"bank": 0.2710558297757911, "acc": 0.19388540093457016, "it": -0.1359599726983399, "wait": 0.43478220297410336}, "fmrtuxtcoc4cuqzl": {"bank": 0.11195843416252316, "acc": 0.24943036185173217, "it": 0.028517422663216597, "wait": -0.03381205397245509}, "uz07b1emb37edydd": {"bank": 0.16160261905104395, "acc": 0.3086936135908772, "it": -0.04957154189064802, "wait": -0.1218852197138924}, "9qzwcjy72o8up7cf": {"bank": 0.10883330402911273, "acc": -0.3251699482176898, "it": 0.243279770303612, "wait": -0.18688547495897154}, "0jdr9arz9v5yoiuu": {"bank": 0.1943229645909059, "acc": -0.169294557880194, "it": 0.5990480982129828, "wait": 0.19393316404914665}, "hfxd8hwvsol2ytpp": {"bank": 0.05343669372268623, "acc": 0.048764247333276195, "it": -0.14094190246538169, "wait": -0.2274335073873052}, "kma4trro54fw69cv": {"bank": 0.16321555928081657, "acc": 0.15144896332555466, "it": 0.11760207562090576, "wait": -0.26628420812151327}, "wa3vlh53yqt6yb6a": {"bank": 0.17452478399283514, "acc": -0.4921811287668616, "it": -0.03426304045723305, "wait": -0.24060846055054852}, "htdul44jf7csl95l": {"bank": -0.46567811832743444, "acc": 0.11775758272389661, "it": -0.10938161577896768, "wait": -0.19502726681422708}, "zlips60wdzoecnpn": {"bank": 0.028752541243637908, "acc": 0.08876124485779359, "it": -0.16187645180072927, "wait": -0.15063418509923876}, "x4322pgn57aw6kxu": {"bank": 0.14580706147554104, "acc": 0.3095963931825958, "it": 0.39372445330282785, "wait": 0.3505175867749765}, "y7vo1a7beiiv73wo": {"bank": -0.09324228883693456, "acc": 0.06840227298187083, "it": -0.026627320206534123, "wait": 0.04279755368383441}, "ozdq2jd2wcrcdom5": {"bank": -0.09568003118707584, "acc": -0.17859866963845236, "it": -0.024371584717871014, "wait": 0.17217695359015908}, "nqrt1tbiu5reh65m": {"bank": 0.19291745882697306, "acc": 0.014494975927510334, "it": -0.05743659502124963, "wait": 0.20191703114468448}, "h89ffns5mypyl8hr": {"bank": 0.07551046377093668, "acc": -0.00970035297684628, "it": -0.5084179749666731, "wait": -0.1229546290732236}, "ff0c0bfvn7ngeh7b": {"bank": 0.041395564979828166, "acc": 0.2368345605351412, "it": 0.3737960411307114, "wait": 0.14050436163248559}, "31s81zrk7kciwyz0": {"bank": -0.007088786687742892, "acc": 0.14588435421131932, "it": -0.03279573749820819, "wait": 0.1928976928252178}, "4jpbg9xnt0zeg6ck": {"bank": 0.04037240436775234, "acc": 0.2433851598141889, "it": -0.03268217707494457, "wait": 0.39907025363935}, "z03zp1u29sgcponk": {"bank": -0.2696520443306397, "acc": 0.07084363385473316, "it": -0.016008523838464205, "wait": -0.2922141968527024}, "iq1c95huaikwnbdm": {"bank": -0.1032597634998441, "acc": 0.20193418142657268, "it": -0.3438435663779973, "wait": -0.29734114262388484}, "0pe45tx5brlklyai": {"bank": -0.24133014952423282, "acc": -0.45189415495380786, "it": -0.1949522466758292, "wait": -0.27124285074156}, "2nanx3fl9hkvqwxi": {"bank": -0.4782863427736715, "acc": 0.0997388333549603, "it": -0.07149062637907316, "wait": -0.3774079277873592}, "nxsmgzg9oy0u24kn": {"bank": 0.04220625597312644, "acc": 0.1524318270773658, "it": -0.1642792853098456, "wait": 1.43828234045258}, "os2tywwqs96gm1ww": {"bank": -0.15056620254713649, "acc": -0.07157966348398949, "it": -0.1201328977478433, "wait": 0.03485988493497835}, "9o6c84sofhxsxw3f": {"bank": 0.2094902476037689, "acc": 0.3635562560162121, "it": 0.647088916027827,